title, description;;
task 1, description 1;; 
task 2, description 2;;
task 3, description 3;;
task 1, description 2;;
task 2, description 3;;
task 3, description 4;;
task 1, description 7;;
task 1, description 8;;
task 1, description 9;;
task 1, description 10;;
task 1, description 11;;
task 1, description 12;;
task 1, description 13;;
task 1, description 14;;
task 1, description 15;;
task 1, description 16;;
task 1, description 17;;
task 1, description 18;;
task 1, description 19;;
task 1, description 20;;
task 1, description 21;;
task 1, description 22;;
task 1, description 23;;
task 1, description 24;;
task 1, description 25;;
task 1, description 26;;
task 1, description 27;;
task 1, description 28;;
task 1, description 29;;
task 1, description 30;;
task 1, description 31;;
task 1, description 32;;
task 1, description 33;;
task 1, description 34;;
task 1, description 35;;
task 1, description 36;;
task 1, description 37;;
task 1, description 38;;
task 1, description 39;;
task 1, description 40;;
task 1, description 41;;
task 1, description 42;;
task 1, description 43;;
task 1, description 44;;
task 1, description 45;;
task 1, description 46;;
task 1, description 47;;
task 1, description 48;;
task 1, description 49;;
task 1, description 50;;
task 1, description 51;;
task 1, description 52;;
task 1, description 53;;
task 1, description 54;;
task 1, description 55;;
task 1, description 56;;
task 1, description 57;;
task 1, description 58;;
task 1, description 59;;
task 1, description 60;;
task 1, description 61;;
task 1, description 62;;
task 1, description 63;;
task 1, description 64;;
task 1, description 65;;
task 1, description 66;;
task 1, description 67;;
task 1, description 68;;
task 1, description 69;;
task 1, description 70;;
task 1, description 71;;
task 1, description 72;;
task 1, description 73;;
task 1, description 74;;
task 1, description 75;;
task 1, description 76;;
task 1, description 77;;
task 1, description 78;;
task 1, description 79;;
task 1, description 80;;
task 1, description 81;;
task 1, description 82;;
task 1, description 83;;
task 1, description 84;;
task 1, description 85;;
task 1, description 86;;
task 1, description 87;;
task 1, description 88;;
task 1, description 89;;
task 1, description 90;;
task 1, description 91;;
task 1, description 92;;
task 1, description 93;;
task 1, description 94;;
task 1, description 95;;
task 1, description 96;;
task 1, description 97;;
task 1, description 98;;
task 1, description 99;;
task 1, description 100;;
task 1, description 101;;
task 1, description 102;;
task 1, description 103;;
task 1, description 104;;
task 1, description 105;;
task 1, description 106;;
task 1, description 107;;
task 1, description 108;;
task 1, description 109;;
task 1, description 110;;
task 1, description 111;;
task 1, description 112;;
task 1, description 113;;
task 1, description 114;;
task 1, description 115;;
task 1, description 116;;
task 1, description 117;;
task 1, description 118;;
task 1, description 119;;
task 1, description 120;;
task 1, description 121;;
task 1, description 122;;
task 1, description 123;;
task 1, description 124;;
task 1, description 125;;
task 1, description 126;;
task 1, description 127;;
task 1, description 128;;
task 1, description 129;;
task 1, description 130;;
task 1, description 131;;
task 1, description 132;;
task 1, description 133;;
task 1, description 134;;
task 1, description 135;;
task 1, description 136;;
task 1, description 137;;
task 1, description 138;;
task 1, description 139;;
task 1, description 140;;
task 1, description 141;;
task 1, description 142;;
task 1, description 143;;
task 1, description 144;;
task 1, description 145;;
task 1, description 146;;
task 1, description 147;;
task 1, description 148;;
task 1, description 149;;
task 1, description 150;;
task 1, description 151;;
task 1, description 152;;
task 1, description 153;;
task 1, description 154;;
task 1, description 155;;
task 1, description 156;;
task 1, description 157;;
task 1, description 158;;
task 1, description 159;;
task 1, description 160;;
task 1, description 161;;
task 1, description 162;;
task 1, description 163;;
task 1, description 164;;
task 1, description 165;;
task 1, description 166;;
task 1, description 167;;
task 1, description 168;;
task 1, description 169;;
task 1, description 170;;
task 1, description 171;;
task 1, description 172;;
task 1, description 173;;
task 1, description 174;;
task 1, description 175;;
task 1, description 176;;
task 1, description 177;;
task 1, description 178;;
task 1, description 179;;
task 1, description 180;;
task 1, description 181;;
task 1, description 182;;
task 1, description 183;;
task 1, description 184;;
task 1, description 185;;
task 1, description 186;;
task 1, description 187;;
task 1, description 188;;
task 1, description 189;;
task 1, description 190;;
task 1, description 191;;
task 1, description 192;;
task 1, description 193;;
task 1, description 194;;
task 1, description 195;;
task 1, description 196;;
task 1, description 197;;
task 1, description 198;;
task 1, description 199;;
task 1, description 200;;
task 1, description 201;;
task 1, description 202;;
task 1, description 203;;
task 1, description 204;;
task 1, description 205;;
task 1, description 206;;
task 1, description 207;;
task 1, description 208;;
task 1, description 209;;
task 1, description 210;;
task 1, description 211;;
task 1, description 212;;
task 1, description 213;;
task 1, description 214;;
task 1, description 215;;
task 1, description 216;;
task 1, description 217;;
task 1, description 218;;
task 1, description 219;;
task 1, description 220;;
task 1, description 221;;
task 1, description 222;;
task 1, description 223;;
task 1, description 224;;
task 1, description 225;;
task 1, description 226;;
task 1, description 227;;
task 1, description 228;;
task 1, description 229;;
task 1, description 230;;
task 1, description 231;;
task 1, description 232;;
task 1, description 233;;
task 1, description 234;;
task 1, description 235;;
task 1, description 236;;
task 1, description 237;;
task 1, description 238;;
task 1, description 239;;
task 1, description 240;;
task 1, description 241;;
task 1, description 242;;
task 1, description 243;;
task 1, description 244;;
task 1, description 245;;
task 1, description 246;;
task 1, description 247;;
task 1, description 248;;
task 1, description 249;;
task 1, description 250;;
task 1, description 251;;
task 1, description 252;;
task 1, description 253;;
task 1, description 254;;
task 1, description 255;;
task 1, description 256;;
task 1, description 257;;
task 1, description 258;;
task 1, description 259;;
task 1, description 260;;
task 1, description 261;;
task 1, description 262;;
task 1, description 263;;
task 1, description 264;;
task 1, description 265;;
task 1, description 266;;
task 1, description 267;;
task 1, description 268;;
task 1, description 269;;
task 1, description 270;;
task 1, description 271;;
task 1, description 272;;
task 1, description 273;;
task 1, description 274;;
task 1, description 275;;
task 1, description 276;;
task 1, description 277;;
task 1, description 278;;
task 1, description 279;;
task 1, description 280;;
task 1, description 281;;
task 1, description 282;;
task 1, description 283;;
task 1, description 284;;
task 1, description 285;;
task 1, description 286;;
task 1, description 287;;
task 1, description 288;;
task 1, description 289;;
task 1, description 290;;
task 1, description 291;;
task 1, description 292;;
task 1, description 293;;
task 1, description 294;;
task 1, description 295;;
task 1, description 296;;
task 1, description 297;;
task 1, description 298;;
task 1, description 299;;
task 1, description 300;;
task 1, description 301;;
task 1, description 302;;
task 1, description 303;;
task 1, description 304;;
task 1, description 305;;
task 1, description 306;;
task 1, description 307;;
task 1, description 308;;
task 1, description 309;;
task 1, description 310;;
task 1, description 311;;
task 1, description 312;;
task 1, description 313;;
task 1, description 314;;
task 1, description 315;;
task 1, description 316;;
task 1, description 317;;
task 1, description 318;;
task 1, description 319;;
task 1, description 320;;
task 1, description 321;;
task 1, description 322;;
task 1, description 323;;
task 1, description 324;;
task 1, description 325;;
task 1, description 326;;
task 1, description 327;;
task 1, description 328;;
task 1, description 329;;
task 1, description 330;;
task 1, description 331;;
task 1, description 332;;
task 1, description 333;;
task 1, description 334;;
task 1, description 335;;
task 1, description 336;;
task 1, description 337;;
task 1, description 338;;
task 1, description 339;;
task 1, description 340;;
task 1, description 341;;
task 1, description 342;;
task 1, description 343;;
task 1, description 344;;
task 1, description 345;;
task 1, description 346;;
task 1, description 347;;
task 1, description 348;;
task 1, description 349;;
task 1, description 350;;
task 1, description 351;;
task 1, description 352;;
task 1, description 353;;
task 1, description 354;;
task 1, description 355;;
task 1, description 356;;
task 1, description 357;;
task 1, description 358;;
task 1, description 359;;
task 1, description 360;;
task 1, description 361;;
task 1, description 362;;
task 1, description 363;;
task 1, description 364;;
task 1, description 365;;
task 1, description 366;;
task 1, description 367;;
task 1, description 368;;
task 1, description 369;;
task 1, description 370;;
task 1, description 371;;
task 1, description 372;;
task 1, description 373;;
task 1, description 374;;
task 1, description 375;;
task 1, description 376;;
task 1, description 377;;
task 1, description 378;;
task 1, description 379;;
task 1, description 380;;
task 1, description 381;;
task 1, description 382;;
task 1, description 383;;
task 1, description 384;;
task 1, description 385;;
task 1, description 386;;
task 1, description 387;;
task 1, description 388;;
task 1, description 389;;
task 1, description 390;;
task 1, description 391;;
task 1, description 392;;
task 1, description 393;;
task 1, description 394;;
task 1, description 395;;
task 1, description 396;;
task 1, description 397;;
task 1, description 398;;
task 1, description 399;;
task 1, description 400;;
task 1, description 401;;
task 1, description 402;;
task 1, description 403;;
task 1, description 404;;
task 1, description 405;;
task 1, description 406;;
task 1, description 407;;
task 1, description 408;;
task 1, description 409;;
task 1, description 410;;
task 1, description 411;;
task 1, description 412;;
task 1, description 413;;
task 1, description 414;;
task 1, description 415;;
task 1, description 416;;
task 1, description 417;;
task 1, description 418;;
task 1, description 419;;
task 1, description 420;;
task 1, description 421;;
task 1, description 422;;
task 1, description 423;;
task 1, description 424;;
task 1, description 425;;
task 1, description 426;;
task 1, description 427;;
task 1, description 428;;
task 1, description 429;;
task 1, description 430;;
task 1, description 431;;
task 1, description 432;;
task 1, description 433;;
task 1, description 434;;
task 1, description 435;;
task 1, description 436;;
task 1, description 437;;
task 1, description 438;;
task 1, description 439;;
task 1, description 440;;
task 1, description 441;;
task 1, description 442;;
task 1, description 443;;
task 1, description 444;;
task 1, description 445;;
task 1, description 446;;
task 1, description 447;;
task 1, description 448;;
task 1, description 449;;
task 1, description 450;;
task 1, description 451;;
task 1, description 452;;
task 1, description 453;;
task 1, description 454;;
task 1, description 455;;
task 1, description 456;;
task 1, description 457;;
task 1, description 458;;
task 1, description 459;;
task 1, description 460;;
task 1, description 461;;
task 1, description 462;;
task 1, description 463;;
task 1, description 464;;
task 1, description 465;;
task 1, description 466;;
task 1, description 467;;
task 1, description 468;;
task 1, description 469;;
task 1, description 470;;
task 1, description 471;;
task 1, description 472;;
task 1, description 473;;
task 1, description 474;;
task 1, description 475;;
task 1, description 476;;
task 1, description 477;;
task 1, description 478;;
task 1, description 479;;
task 1, description 480;;
task 1, description 481;;
task 1, description 482;;
task 1, description 483;;
task 1, description 484;;
task 1, description 485;;
task 1, description 486;;
task 1, description 487;;
task 1, description 488;;
task 1, description 489;;
task 1, description 490;;
task 1, description 491;;
task 1, description 492;;
task 1, description 493;;
task 1, description 494;;
task 1, description 495;;
task 1, description 496;;
task 1, description 497;;
task 1, description 498;;
task 1, description 499;;
task 1, description 500;;
task 1, description 501;;
task 1, description 502;;
task 1, description 503;;
task 1, description 504;;
task 1, description 505;;
task 1, description 506;;
task 1, description 507;;
task 1, description 508;;
task 1, description 509;;
task 1, description 510;;
task 1, description 511;;
task 1, description 512;;
task 1, description 513;;
task 1, description 514;;
task 1, description 515;;
task 1, description 516;;
task 1, description 517;;
task 1, description 518;;
task 1, description 519;;
task 1, description 520;;
task 1, description 521;;
task 1, description 522;;
task 1, description 523;;
task 1, description 524;;
task 1, description 525;;
task 1, description 526;;
task 1, description 527;;
task 1, description 528;;
task 1, description 529;;
task 1, description 530;;
task 1, description 531;;
task 1, description 532;;
task 1, description 533;;
task 1, description 534;;
task 1, description 535;;
task 1, description 536;;
task 1, description 537;;
task 1, description 538;;
task 1, description 539;;
task 1, description 540;;
task 1, description 541;;
task 1, description 542;;
task 1, description 543;;
task 1, description 544;;
task 1, description 545;;
task 1, description 546;;
task 1, description 547;;
task 1, description 548;;
task 1, description 549;;
task 1, description 550;;
task 1, description 551;;
task 1, description 552;;
task 1, description 553;;
task 1, description 554;;
task 1, description 555;;
task 1, description 556;;
task 1, description 557;;
task 1, description 558;;
task 1, description 559;;
task 1, description 560;;
task 1, description 561;;
task 1, description 562;;
task 1, description 563;;
task 1, description 564;;
task 1, description 565;;
task 1, description 566;;
task 1, description 567;;
task 1, description 568;;
task 1, description 569;;
task 1, description 570;;
task 1, description 571;;
task 1, description 572;;
task 1, description 573;;
task 1, description 574;;
task 1, description 575;;
task 1, description 576;;
task 1, description 577;;
task 1, description 578;;
task 1, description 579;;
task 1, description 580;;
task 1, description 581;;
task 1, description 582;;
task 1, description 583;;
task 1, description 584;;
task 1, description 585;;
task 1, description 586;;
task 1, description 587;;
task 1, description 588;;
task 1, description 589;;
task 1, description 590;;
task 1, description 591;;
task 1, description 592;;
task 1, description 593;;
task 1, description 594;;
task 1, description 595;;
task 1, description 596;;
task 1, description 597;;
task 1, description 598;;
task 1, description 599;;
task 1, description 600;;
task 1, description 601;;
task 1, description 602;;
task 1, description 603;;
task 1, description 604;;
task 1, description 605;;
task 1, description 606;;
task 1, description 607;;
task 1, description 608;;
task 1, description 609;;
task 1, description 610;;
task 1, description 611;;
task 1, description 612;;
task 1, description 613;;
task 1, description 614;;
task 1, description 615;;
task 1, description 616;;
task 1, description 617;;
task 1, description 618;;
task 1, description 619;;
task 1, description 620;;
task 1, description 621;;
task 1, description 622;;
task 1, description 623;;
task 1, description 624;;
task 1, description 625;;
task 1, description 626;;
task 1, description 627;;
task 1, description 628;;
task 1, description 629;;
task 1, description 630;;
task 1, description 631;;
task 1, description 632;;
task 1, description 633;;
task 1, description 634;;
task 1, description 635;;
task 1, description 636;;
task 1, description 637;;
task 1, description 638;;
task 1, description 639;;
task 1, description 640;;
task 1, description 641;;
task 1, description 642;;
task 1, description 643;;
task 1, description 644;;
task 1, description 645;;
task 1, description 646;;
task 1, description 647;;
task 1, description 648;;
task 1, description 649;;
task 1, description 650;;
task 1, description 651;;
task 1, description 652;;
task 1, description 653;;
task 1, description 654;;
task 1, description 655;;
task 1, description 656;;
task 1, description 657;;
task 1, description 658;;
task 1, description 659;;
task 1, description 660;;
task 1, description 661;;
task 1, description 662;;
task 1, description 663;;
task 1, description 664;;
task 1, description 665;;
task 1, description 666;;
task 1, description 667;;
task 1, description 668;;
task 1, description 669;;
task 1, description 670;;
task 1, description 671;;
task 1, description 672;;
task 1, description 673;;
task 1, description 674;;
task 1, description 675;;
task 1, description 676;;
task 1, description 677;;
task 1, description 678;;
task 1, description 679;;
task 1, description 680;;
task 1, description 681;;
task 1, description 682;;
task 1, description 683;;
task 1, description 684;;
task 1, description 685;;
task 1, description 686;;
task 1, description 687;;
task 1, description 688;;
task 1, description 689;;
task 1, description 690;;
task 1, description 691;;
task 1, description 692;;
task 1, description 693;;
task 1, description 694;;
task 1, description 695;;
task 1, description 696;;
task 1, description 697;;
task 1, description 698;;
task 1, description 699;;
task 1, description 700;;
task 1, description 701;;
task 1, description 702;;
task 1, description 703;;
task 1, description 704;;
task 1, description 705;;
task 1, description 706;;
task 1, description 707;;
task 1, description 708;;
task 1, description 709;;
task 1, description 710;;
task 1, description 711;;
task 1, description 712;;
task 1, description 713;;
task 1, description 714;;
task 1, description 715;;
task 1, description 716;;
task 1, description 717;;
task 1, description 718;;
task 1, description 719;;
task 1, description 720;;
task 1, description 721;;
task 1, description 722;;
task 1, description 723;;
task 1, description 724;;
task 1, description 725;;
task 1, description 726;;
task 1, description 727;;
task 1, description 728;;
task 1, description 729;;
task 1, description 730;;
task 1, description 731;;
task 1, description 732;;
task 1, description 733;;
task 1, description 734;;
task 1, description 735;;
task 1, description 736;;
task 1, description 737;;
task 1, description 738;;
task 1, description 739;;
task 1, description 740;;
task 1, description 741;;
task 1, description 742;;
task 1, description 743;;
task 1, description 744;;
task 1, description 745;;
task 1, description 746;;
task 1, description 747;;
task 1, description 748;;
task 1, description 749;;
task 1, description 750;;
task 1, description 751;;
task 1, description 752;;
task 1, description 753;;
task 1, description 754;;
task 1, description 755;;
task 1, description 756;;
task 1, description 757;;
task 1, description 758;;
task 1, description 759;;
task 1, description 760;;
task 1, description 761;;
task 1, description 762;;
task 1, description 763;;
task 1, description 764;;
task 1, description 765;;
task 1, description 766;;
task 1, description 767;;
task 1, description 768;;
task 1, description 769;;
task 1, description 770;;
task 1, description 771;;
task 1, description 772;;
task 1, description 773;;
task 1, description 774;;
task 1, description 775;;
task 1, description 776;;
task 1, description 777;;
task 1, description 778;;
task 1, description 779;;
task 1, description 780;;
task 1, description 781;;
task 1, description 782;;
task 1, description 783;;
task 1, description 784;;
task 1, description 785;;
task 1, description 786;;
task 1, description 787;;
task 1, description 788;;
task 1, description 789;;
task 1, description 790;;
task 1, description 791;;
task 1, description 792;;
task 1, description 793;;
task 1, description 794;;
task 1, description 795;;
task 1, description 796;;
task 1, description 797;;
task 1, description 798;;
task 1, description 799;;
task 1, description 800;;
task 1, description 801;;
task 1, description 802;;
task 1, description 803;;
task 1, description 804;;
task 1, description 805;;
task 1, description 806;;
task 1, description 807;;
task 1, description 808;;
task 1, description 809;;
task 1, description 810;;
task 1, description 811;;
task 1, description 812;;
task 1, description 813;;
task 1, description 814;;
task 1, description 815;;
task 1, description 816;;
task 1, description 817;;
task 1, description 818;;
task 1, description 819;;
task 1, description 820;;
task 1, description 821;;
task 1, description 822;;
task 1, description 823;;
task 1, description 824;;
task 1, description 825;;
task 1, description 826;;
task 1, description 827;;
task 1, description 828;;
task 1, description 829;;
task 1, description 830;;
task 1, description 831;;
task 1, description 832;;
task 1, description 833;;
task 1, description 834;;
task 1, description 835;;
task 1, description 836;;
task 1, description 837;;
task 1, description 838;;
task 1, description 839;;
task 1, description 840;;
task 1, description 841;;
task 1, description 842;;
task 1, description 843;;
task 1, description 844;;
task 1, description 845;;
task 1, description 846;;
task 1, description 847;;
task 1, description 848;;
task 1, description 849;;
task 1, description 850;;
task 1, description 851;;
task 1, description 852;;
task 1, description 853;;
task 1, description 854;;
task 1, description 855;;
task 1, description 856;;
task 1, description 857;;
task 1, description 858;;
task 1, description 859;;
task 1, description 860;;
task 1, description 861;;
task 1, description 862;;
task 1, description 863;;
task 1, description 864;;
task 1, description 865;;
task 1, description 866;;
task 1, description 867;;
task 1, description 868;;
task 1, description 869;;
task 1, description 870;;
task 1, description 871;;
task 1, description 872;;
task 1, description 873;;
task 1, description 874;;
task 1, description 875;;
task 1, description 876;;
task 1, description 877;;
task 1, description 878;;
task 1, description 879;;
task 1, description 880;;
task 1, description 881;;
task 1, description 882;;
task 1, description 883;;
task 1, description 884;;
task 1, description 885;;
task 1, description 886;;
task 1, description 887;;
task 1, description 888;;
task 1, description 889;;
task 1, description 890;;
task 1, description 891;;
task 1, description 892;;
task 1, description 893;;
task 1, description 894;;
task 1, description 895;;
task 1, description 896;;
task 1, description 897;;
task 1, description 898;;
task 1, description 899;;
task 1, description 900;;
task 1, description 901;;
task 1, description 902;;
task 1, description 903;;
task 1, description 904;;
task 1, description 905;;
task 1, description 906;;
task 1, description 907;;
task 1, description 908;;
task 1, description 909;;
task 1, description 910;;
task 1, description 911;;
task 1, description 912;;
task 1, description 913;;
task 1, description 914;;
task 1, description 915;;
task 1, description 916;;
task 1, description 917;;
task 1, description 918;;
task 1, description 919;;
task 1, description 920;;
task 1, description 921;;
task 1, description 922;;
task 1, description 923;;
task 1, description 924;;
task 1, description 925;;
task 1, description 926;;
task 1, description 927;;
task 1, description 928;;
task 1, description 929;;
task 1, description 930;;
task 1, description 931;;
task 1, description 932;;
task 1, description 933;;
task 1, description 934;;
task 1, description 935;;
task 1, description 936;;
task 1, description 937;;
task 1, description 938;;
task 1, description 939;;
task 1, description 940;;
task 1, description 941;;
task 1, description 942;;
task 1, description 943;;
task 1, description 944;;
task 1, description 945;;
task 1, description 946;;
task 1, description 947;;
task 1, description 948;;
task 1, description 949;;
task 1, description 950;;
task 1, description 951;;
task 1, description 952;;
task 1, description 953;;
task 1, description 954;;
task 1, description 955;;
task 1, description 956;;
task 1, description 957;;
task 1, description 958;;
task 1, description 959;;
task 1, description 960;;
task 1, description 961;;
task 1, description 962;;
task 1, description 963;;
task 1, description 964;;
task 1, description 965;;
task 1, description 966;;
task 1, description 967;;
task 1, description 968;;
task 1, description 969;;
task 1, description 970;;
task 1, description 971;;
task 1, description 972;;
task 1, description 973;;
task 1, description 974;;
task 1, description 975;;
task 1, description 976;;
task 1, description 977;;
task 1, description 978;;
task 1, description 979;;
task 1, description 980;;
task 1, description 981;;
task 1, description 982;;
task 1, description 983;;
task 1, description 984;;
task 1, description 985;;
task 1, description 986;;
task 1, description 987;;
task 1, description 988;;
task 1, description 989;;
task 1, description 990;;
task 1, description 991;;
task 1, description 992;;
task 1, description 993;;
task 1, description 994;;
task 1, description 995;;
task 1, description 996;;
task 1, description 997;;
task 1, description 998;;
task 1, description 999;;
task 1, description 1000;;
task 1, description 1001;;
task 1, description 1002;;
task 1, description 1003;;
task 1, description 1004;;
task 1, description 1005;;
task 1, description 1006;;
task 1, description 1007;;
task 1, description 1008;;
task 1, description 1009;;
task 1, description 1010;;
task 1, description 1011;;
task 1, description 1012;;
task 1, description 1013;;
task 1, description 1014;;
task 1, description 1015;;
task 1, description 1016;;
task 1, description 1017;;
task 1, description 1018;;
task 1, description 1019;;
task 1, description 1020;;
task 1, description 1021;;
task 1, description 1022;;
task 1, description 1023;;
task 1, description 1024;;
task 1, description 1025;;
task 1, description 1026;;
task 1, description 1027;;
task 1, description 1028;;
task 1, description 1029;;
task 1, description 1030;;
task 1, description 1031;;
task 1, description 1032;;
task 1, description 1033;;
task 1, description 1034;;
task 1, description 1035;;
task 1, description 1036;;
task 1, description 1037;;
task 1, description 1038;;
task 1, description 1039;;
task 1, description 1040;;
task 1, description 1041;;
task 1, description 1042;;
task 1, description 1043;;
task 1, description 1044;;
task 1, description 1045;;
task 1, description 1046;;
task 1, description 1047;;
task 1, description 1048;;
task 1, description 1049;;
task 1, description 1050;;
task 1, description 1051;;
task 1, description 1052;;
task 1, description 1053;;
task 1, description 1054;;
task 1, description 1055;;
task 1, description 1056;;
task 1, description 1057;;
task 1, description 1058;;
task 1, description 1059;;
task 1, description 1060;;
task 1, description 1061;;
task 1, description 1062;;
task 1, description 1063;;
task 1, description 1064;;
task 1, description 1065;;
task 1, description 1066;;
task 1, description 1067;;
task 1, description 1068;;
task 1, description 1069;;
task 1, description 1070;;
task 1, description 1071;;
task 1, description 1072;;
task 1, description 1073;;
task 1, description 1074;;
task 1, description 1075;;
task 1, description 1076;;
task 1, description 1077;;
task 1, description 1078;;
task 1, description 1079;;
task 1, description 1080;;
task 1, description 1081;;
task 1, description 1082;;
task 1, description 1083;;
task 1, description 1084;;
task 1, description 1085;;
task 1, description 1086;;
task 1, description 1087;;
task 1, description 1088;;
task 1, description 1089;;
task 1, description 1090;;
task 1, description 1091;;
task 1, description 1092;;
task 1, description 1093;;
task 1, description 1094;;
task 1, description 1095;;
task 1, description 1096;;
task 1, description 1097;;
task 1, description 1098;;
task 1, description 1099;;
task 1, description 1100;;
task 1, description 1101;;
task 1, description 1102;;
task 1, description 1103;;
task 1, description 1104;;
task 1, description 1105;;
task 1, description 1106;;
task 1, description 1107;;
task 1, description 1108;;
task 1, description 1109;;
task 1, description 1110;;
task 1, description 1111;;
task 1, description 1112;;
task 1, description 1113;;
task 1, description 1114;;
task 1, description 1115;;
task 1, description 1116;;
task 1, description 1117;;
task 1, description 1118;;
task 1, description 1119;;
task 1, description 1120;;
task 1, description 1121;;
task 1, description 1122;;
task 1, description 1123;;
task 1, description 1124;;
task 1, description 1125;;
task 1, description 1126;;
task 1, description 1127;;
task 1, description 1128;;
task 1, description 1129;;
task 1, description 1130;;
task 1, description 1131;;
task 1, description 1132;;
task 1, description 1133;;
task 1, description 1134;;
task 1, description 1135;;
task 1, description 1136;;
task 1, description 1137;;
task 1, description 1138;;
task 1, description 1139;;
task 1, description 1140;;
task 1, description 1141;;
task 1, description 1142;;
task 1, description 1143;;
task 1, description 1144;;
task 1, description 1145;;
task 1, description 1146;;
task 1, description 1147;;
task 1, description 1148;;
task 1, description 1149;;
task 1, description 1150;;
task 1, description 1151;;
task 1, description 1152;;
task 1, description 1153;;
task 1, description 1154;;
task 1, description 1155;;
task 1, description 1156;;
task 1, description 1157;;
task 1, description 1158;;
task 1, description 1159;;
task 1, description 1160;;
task 1, description 1161;;
task 1, description 1162;;
task 1, description 1163;;
task 1, description 1164;;
task 1, description 1165;;
task 1, description 1166;;
task 1, description 1167;;
task 1, description 1168;;
task 1, description 1169;;
task 1, description 1170;;
task 1, description 1171;;
task 1, description 1172;;
task 1, description 1173;;
task 1, description 1174;;
task 1, description 1175;;
task 1, description 1176;;
task 1, description 1177;;
task 1, description 1178;;
task 1, description 1179;;
task 1, description 1180;;
task 1, description 1181;;
task 1, description 1182;;
task 1, description 1183;;
task 1, description 1184;;
task 1, description 1185;;
task 1, description 1186;;
task 1, description 1187;;
task 1, description 1188;;
task 1, description 1189;;
task 1, description 1190;;
task 1, description 1191;;
task 1, description 1192;;
task 1, description 1193;;
task 1, description 1194;;
task 1, description 1195;;
task 1, description 1196;;
task 1, description 1197;;
task 1, description 1198;;
task 1, description 1199;;
task 1, description 1200;;
task 1, description 1201;;
task 1, description 1202;;
task 1, description 1203;;
task 1, description 1204;;
task 1, description 1205;;
task 1, description 1206;;
task 1, description 1207;;
task 1, description 1208;;
task 1, description 1209;;
task 1, description 1210;;
task 1, description 1211;;
task 1, description 1212;;
task 1, description 1213;;
task 1, description 1214;;
task 1, description 1215;;
task 1, description 1216;;
task 1, description 1217;;
task 1, description 1218;;
task 1, description 1219;;
task 1, description 1220;;
task 1, description 1221;;
task 1, description 1222;;
task 1, description 1223;;
task 1, description 1224;;
task 1, description 1225;;
task 1, description 1226;;
task 1, description 1227;;
task 1, description 1228;;
task 1, description 1229;;
task 1, description 1230;;
task 1, description 1231;;
task 1, description 1232;;
task 1, description 1233;;
task 1, description 1234;;
task 1, description 1235;;
task 1, description 1236;;
task 1, description 1237;;
task 1, description 1238;;
task 1, description 1239;;
task 1, description 1240;;
task 1, description 1241;;
task 1, description 1242;;
task 1, description 1243;;
task 1, description 1244;;
task 1, description 1245;;
task 1, description 1246;;
task 1, description 1247;;
task 1, description 1248;;
task 1, description 1249;;
task 1, description 1250;;
task 1, description 1251;;
task 1, description 1252;;
task 1, description 1253;;
task 1, description 1254;;
task 1, description 1255;;
task 1, description 1256;;
task 1, description 1257;;
task 1, description 1258;;
task 1, description 1259;;
task 1, description 1260;;
task 1, description 1261;;
task 1, description 1262;;
task 1, description 1263;;
task 1, description 1264;;
task 1, description 1265;;
task 1, description 1266;;
task 1, description 1267;;
task 1, description 1268;;
task 1, description 1269;;
task 1, description 1270;;
task 1, description 1271;;
task 1, description 1272;;
task 1, description 1273;;
task 1, description 1274;;
task 1, description 1275;;
task 1, description 1276;;
task 1, description 1277;;
task 1, description 1278;;
task 1, description 1279;;
task 1, description 1280;;
task 1, description 1281;;
task 1, description 1282;;
task 1, description 1283;;
task 1, description 1284;;
task 1, description 1285;;
task 1, description 1286;;
task 1, description 1287;;
task 1, description 1288;;
task 1, description 1289;;
task 1, description 1290;;
task 1, description 1291;;
task 1, description 1292;;
task 1, description 1293;;
task 1, description 1294;;
task 1, description 1295;;
task 1, description 1296;;
task 1, description 1297;;
task 1, description 1298;;
task 1, description 1299;;
task 1, description 1300;;
task 1, description 1301;;
task 1, description 1302;;
task 1, description 1303;;
task 1, description 1304;;
task 1, description 1305;;
task 1, description 1306;;
task 1, description 1307;;
task 1, description 1308;;
task 1, description 1309;;
task 1, description 1310;;
task 1, description 1311;;
task 1, description 1312;;
task 1, description 1313;;
task 1, description 1314;;
task 1, description 1315;;
task 1, description 1316;;
task 1, description 1317;;
task 1, description 1318;;
task 1, description 1319;;
task 1, description 1320;;
task 1, description 1321;;
task 1, description 1322;;
task 1, description 1323;;
task 1, description 1324;;
task 1, description 1325;;
task 1, description 1326;;
task 1, description 1327;;
task 1, description 1328;;
task 1, description 1329;;
task 1, description 1330;;
task 1, description 1331;;
task 1, description 1332;;
task 1, description 1333;;
task 1, description 1334;;
task 1, description 1335;;
task 1, description 1336;;
task 1, description 1337;;
task 1, description 1338;;
task 1, description 1339;;
task 1, description 1340;;
task 1, description 1341;;
task 1, description 1342;;
task 1, description 1343;;
task 1, description 1344;;
task 1, description 1345;;
task 1, description 1346;;
task 1, description 1347;;
task 1, description 1348;;
task 1, description 1349;;
task 1, description 1350;;
task 1, description 1351;;
task 1, description 1352;;
task 1, description 1353;;
task 1, description 1354;;
task 1, description 1355;;
task 1, description 1356;;
task 1, description 1357;;
task 1, description 1358;;
task 1, description 1359;;
task 1, description 1360;;
task 1, description 1361;;
task 1, description 1362;;
task 1, description 1363;;
task 1, description 1364;;
task 1, description 1365;;
task 1, description 1366;;
task 1, description 1367;;
task 1, description 1368;;
task 1, description 1369;;
task 1, description 1370;;
task 1, description 1371;;
task 1, description 1372;;
task 1, description 1373;;
task 1, description 1374;;
task 1, description 1375;;
task 1, description 1376;;
task 1, description 1377;;
task 1, description 1378;;
task 1, description 1379;;
task 1, description 1380;;
task 1, description 1381;;
task 1, description 1382;;
task 1, description 1383;;
task 1, description 1384;;
task 1, description 1385;;
task 1, description 1386;;
task 1, description 1387;;
task 1, description 1388;;
task 1, description 1389;;
task 1, description 1390;;
task 1, description 1391;;
task 1, description 1392;;
task 1, description 1393;;
task 1, description 1394;;
task 1, description 1395;;
task 1, description 1396;;
task 1, description 1397;;
task 1, description 1398;;
task 1, description 1399;;
task 1, description 1400;;
task 1, description 1401;;
task 1, description 1402;;
task 1, description 1403;;
task 1, description 1404;;
task 1, description 1405;;
task 1, description 1406;;
task 1, description 1407;;
task 1, description 1408;;
task 1, description 1409;;
task 1, description 1410;;
task 1, description 1411;;
task 1, description 1412;;
task 1, description 1413;;
task 1, description 1414;;
task 1, description 1415;;
task 1, description 1416;;
task 1, description 1417;;
task 1, description 1418;;
task 1, description 1419;;
task 1, description 1420;;
task 1, description 1421;;
task 1, description 1422;;
task 1, description 1423;;
task 1, description 1424;;
task 1, description 1425;;
task 1, description 1426;;
task 1, description 1427;;
task 1, description 1428;;
task 1, description 1429;;
task 1, description 1430;;
task 1, description 1431;;
task 1, description 1432;;
task 1, description 1433;;
task 1, description 1434;;
task 1, description 1435;;
task 1, description 1436;;
task 1, description 1437;;
task 1, description 1438;;
task 1, description 1439;;
task 1, description 1440;;
task 1, description 1441;;
task 1, description 1442;;
task 1, description 1443;;
task 1, description 1444;;
task 1, description 1445;;
task 1, description 1446;;
task 1, description 1447;;
task 1, description 1448;;
task 1, description 1449;;
task 1, description 1450;;
task 1, description 1451;;
task 1, description 1452;;
task 1, description 1453;;
task 1, description 1454;;
task 1, description 1455;;
task 1, description 1456;;
task 1, description 1457;;
task 1, description 1458;;
task 1, description 1459;;
task 1, description 1460;;
task 1, description 1461;;
task 1, description 1462;;
task 1, description 1463;;
task 1, description 1464;;
task 1, description 1465;;
task 1, description 1466;;
task 1, description 1467;;
task 1, description 1468;;
task 1, description 1469;;
task 1, description 1470;;
task 1, description 1471;;
task 1, description 1472;;
task 1, description 1473;;
task 1, description 1474;;
task 1, description 1475;;
task 1, description 1476;;
task 1, description 1477;;
task 1, description 1478;;
task 1, description 1479;;
task 1, description 1480;;
task 1, description 1481;;
task 1, description 1482;;
task 1, description 1483;;
task 1, description 1484;;
task 1, description 1485;;
task 1, description 1486;;
task 1, description 1487;;
task 1, description 1488;;
task 1, description 1489;;
task 1, description 1490;;
task 1, description 1491;;
task 1, description 1492;;
task 1, description 1493;;
task 1, description 1494;;
task 1, description 1495;;
task 1, description 1496;;
task 1, description 1497;;
task 1, description 1498;;
task 1, description 1499;;
task 1, description 1500;;
task 1, description 1501;;
task 1, description 1502;;
task 1, description 1503;;
task 1, description 1504;;
task 1, description 1505;;
task 1, description 1506;;
task 1, description 1507;;
task 1, description 1508;;
task 1, description 1509;;
task 1, description 1510;;
task 1, description 1511;;
task 1, description 1512;;
task 1, description 1513;;
task 1, description 1514;;
task 1, description 1515;;
task 1, description 1516;;
task 1, description 1517;;
task 1, description 1518;;
task 1, description 1519;;
task 1, description 1520;;
task 1, description 1521;;
task 1, description 1522;;
task 1, description 1523;;
task 1, description 1524;;
task 1, description 1525;;
task 1, description 1526;;
task 1, description 1527;;
task 1, description 1528;;
task 1, description 1529;;
task 1, description 1530;;
task 1, description 1531;;
task 1, description 1532;;
task 1, description 1533;;
task 1, description 1534;;
task 1, description 1535;;
task 1, description 1536;;
task 1, description 1537;;
task 1, description 1538;;
task 1, description 1539;;
task 1, description 1540;;
task 1, description 1541;;
task 1, description 1542;;
task 1, description 1543;;
task 1, description 1544;;
task 1, description 1545;;
task 1, description 1546;;
task 1, description 1547;;
task 1, description 1548;;
task 1, description 1549;;
task 1, description 1550;;
task 1, description 1551;;
task 1, description 1552;;
task 1, description 1553;;
task 1, description 1554;;
task 1, description 1555;;
task 1, description 1556;;
task 1, description 1557;;
task 1, description 1558;;
task 1, description 1559;;
task 1, description 1560;;
task 1, description 1561;;
task 1, description 1562;;
task 1, description 1563;;
task 1, description 1564;;
task 1, description 1565;;
task 1, description 1566;;
task 1, description 1567;;
task 1, description 1568;;
task 1, description 1569;;
task 1, description 1570;;
task 1, description 1571;;
task 1, description 1572;;
task 1, description 1573;;
task 1, description 1574;;
task 1, description 1575;;
task 1, description 1576;;
task 1, description 1577;;
task 1, description 1578;;
task 1, description 1579;;
task 1, description 1580;;
task 1, description 1581;;
task 1, description 1582;;
task 1, description 1583;;
task 1, description 1584;;
task 1, description 1585;;
task 1, description 1586;;
task 1, description 1587;;
task 1, description 1588;;
task 1, description 1589;;
task 1, description 1590;;
task 1, description 1591;;
task 1, description 1592;;
task 1, description 1593;;
task 1, description 1594;;
task 1, description 1595;;
task 1, description 1596;;
task 1, description 1597;;
task 1, description 1598;;
task 1, description 1599;;
task 1, description 1600;;
task 1, description 1601;;
task 1, description 1602;;
task 1, description 1603;;
task 1, description 1604;;
task 1, description 1605;;
task 1, description 1606;;
task 1, description 1607;;
task 1, description 1608;;
task 1, description 1609;;
task 1, description 1610;;
task 1, description 1611;;
task 1, description 1612;;
task 1, description 1613;;
task 1, description 1614;;
task 1, description 1615;;
task 1, description 1616;;
task 1, description 1617;;
task 1, description 1618;;
task 1, description 1619;;
task 1, description 1620;;
task 1, description 1621;;
task 1, description 1622;;
task 1, description 1623;;
task 1, description 1624;;
task 1, description 1625;;
task 1, description 1626;;
task 1, description 1627;;
task 1, description 1628;;
task 1, description 1629;;
task 1, description 1630;;
task 1, description 1631;;
task 1, description 1632;;
task 1, description 1633;;
task 1, description 1634;;
task 1, description 1635;;
task 1, description 1636;;
task 1, description 1637;;
task 1, description 1638;;
task 1, description 1639;;
task 1, description 1640;;
task 1, description 1641;;
task 1, description 1642;;
task 1, description 1643;;
task 1, description 1644;;
task 1, description 1645;;
task 1, description 1646;;
task 1, description 1647;;
task 1, description 1648;;
task 1, description 1649;;
task 1, description 1650;;
task 1, description 1651;;
task 1, description 1652;;
task 1, description 1653;;
task 1, description 1654;;
task 1, description 1655;;
task 1, description 1656;;
task 1, description 1657;;
task 1, description 1658;;
task 1, description 1659;;
task 1, description 1660;;
task 1, description 1661;;
task 1, description 1662;;
task 1, description 1663;;
task 1, description 1664;;
task 1, description 1665;;
task 1, description 1666;;
task 1, description 1667;;
task 1, description 1668;;
task 1, description 1669;;
task 1, description 1670;;
task 1, description 1671;;
task 1, description 1672;;
task 1, description 1673;;
task 1, description 1674;;
task 1, description 1675;;
task 1, description 1676;;
task 1, description 1677;;
task 1, description 1678;;
task 1, description 1679;;
task 1, description 1680;;
task 1, description 1681;;
task 1, description 1682;;
task 1, description 1683;;
task 1, description 1684;;
task 1, description 1685;;
task 1, description 1686;;
task 1, description 1687;;
task 1, description 1688;;
task 1, description 1689;;
task 1, description 1690;;
task 1, description 1691;;
task 1, description 1692;;
task 1, description 1693;;
task 1, description 1694;;
task 1, description 1695;;
task 1, description 1696;;
task 1, description 1697;;
task 1, description 1698;;
task 1, description 1699;;
task 1, description 1700;;
task 1, description 1701;;
task 1, description 1702;;
task 1, description 1703;;
task 1, description 1704;;
task 1, description 1705;;
task 1, description 1706;;
task 1, description 1707;;
task 1, description 1708;;
task 1, description 1709;;
task 1, description 1710;;
task 1, description 1711;;
task 1, description 1712;;
task 1, description 1713;;
task 1, description 1714;;
task 1, description 1715;;
task 1, description 1716;;
task 1, description 1717;;
task 1, description 1718;;
task 1, description 1719;;
task 1, description 1720;;
task 1, description 1721;;
task 1, description 1722;;
task 1, description 1723;;
task 1, description 1724;;
task 1, description 1725;;
task 1, description 1726;;
task 1, description 1727;;
task 1, description 1728;;
task 1, description 1729;;
task 1, description 1730;;
task 1, description 1731;;
task 1, description 1732;;
task 1, description 1733;;
task 1, description 1734;;
task 1, description 1735;;
task 1, description 1736;;
task 1, description 1737;;
task 1, description 1738;;
task 1, description 1739;;
task 1, description 1740;;
task 1, description 1741;;
task 1, description 1742;;
task 1, description 1743;;
task 1, description 1744;;
task 1, description 1745;;
task 1, description 1746;;
task 1, description 1747;;
task 1, description 1748;;
task 1, description 1749;;
task 1, description 1750;;
task 1, description 1751;;
task 1, description 1752;;
task 1, description 1753;;
task 1, description 1754;;
task 1, description 1755;;
task 1, description 1756;;
task 1, description 1757;;
task 1, description 1758;;
task 1, description 1759;;
task 1, description 1760;;
task 1, description 1761;;
task 1, description 1762;;
task 1, description 1763;;
task 1, description 1764;;
task 1, description 1765;;
task 1, description 1766;;
task 1, description 1767;;
task 1, description 1768;;
task 1, description 1769;;
task 1, description 1770;;
task 1, description 1771;;
task 1, description 1772;;
task 1, description 1773;;
task 1, description 1774;;
task 1, description 1775;;
task 1, description 1776;;
task 1, description 1777;;
task 1, description 1778;;
task 1, description 1779;;
task 1, description 1780;;
task 1, description 1781;;
task 1, description 1782;;
task 1, description 1783;;
task 1, description 1784;;
task 1, description 1785;;
task 1, description 1786;;
task 1, description 1787;;
task 1, description 1788;;
task 1, description 1789;;
task 1, description 1790;;
task 1, description 1791;;
task 1, description 1792;;
task 1, description 1793;;
task 1, description 1794;;
task 1, description 1795;;
task 1, description 1796;;
task 1, description 1797;;
task 1, description 1798;;
task 1, description 1799;;
task 1, description 1800;;
task 1, description 1801;;
task 1, description 1802;;
task 1, description 1803;;
task 1, description 1804;;
task 1, description 1805;;
task 1, description 1806;;
task 1, description 1807;;
task 1, description 1808;;
task 1, description 1809;;
task 1, description 1810;;
task 1, description 1811;;
task 1, description 1812;;
task 1, description 1813;;
task 1, description 1814;;
task 1, description 1815;;
task 1, description 1816;;
task 1, description 1817;;
task 1, description 1818;;
task 1, description 1819;;
task 1, description 1820;;
task 1, description 1821;;
task 1, description 1822;;
task 1, description 1823;;
task 1, description 1824;;
task 1, description 1825;;
task 1, description 1826;;
task 1, description 1827;;
task 1, description 1828;;
task 1, description 1829;;
task 1, description 1830;;
task 1, description 1831;;
task 1, description 1832;;
task 1, description 1833;;
task 1, description 1834;;
task 1, description 1835;;
task 1, description 1836;;
task 1, description 1837;;
task 1, description 1838;;
task 1, description 1839;;
task 1, description 1840;;
task 1, description 1841;;
task 1, description 1842;;
task 1, description 1843;;
task 1, description 1844;;
task 1, description 1845;;
task 1, description 1846;;
task 1, description 1847;;
task 1, description 1848;;
task 1, description 1849;;
